978-3-1-95;Also center.;Matthew Smith;Atkins-Jackson;2016;9
978-3-11-87;Dark various.;Amanda Dillon;Davis-Johnson;1991;7
978-3-17-65;Whole responsibility reason.;Joshua Quinn;Reeves-Parker;2023;8
978-3-25-39;Down against however.;Linda Wilkerson;Johnson, Weiss and Allen;2006;3
978-3-34-51;Short girl save modern kind.;Brett Burns;Martinez Group;1992;2
978-3-44-65;Run ground grow.;James Moran;Smith, Garcia and Vargas;2018;7
978-3-50-95;Public exist she.;Raymond Taylor;Mcdonald-Lane;2019;4
978-3-58-98;No discover black use.;Alex Butler;Barker-Jones;2002;2
978-3-68-3;Two great.;Tamara Rodriguez;Griffin, Brooks and Sanchez;2012;7
978-3-74-90;Religious pattern.;Kristen Fox;Marshall LLC;2000;3
978-3-79-61;Though than.;Karen Jacobson;Stanley, Roy and Maldonado;1995;1
978-3-85-43;Behavior tough beautiful movement.;Pamela Evans;Petty, Taylor and Cisneros;1992;9
978-3-93-55;Anything black.;Monica Simon;Mullins-Harmon;2006;7
978-3-98-15;Generation short resource break.;Monica Ward;Mason, Roman and Murphy;2007;4
978-3-108-7;Week window simply event little.;Amanda Smith;Anderson-Booth;1991;7
978-3-115-3;Response follow deep experience development.;Christine Hoffman PhD;Hicks and Sons;2018;8
978-3-123-4;By law technology.;Heather Carter;Wright and Sons;1997;3
978-3-131-64;Mean know wear.;Samuel Mccarthy;Carter, Guerrero and Lopez;2019;9
978-3-136-3;Word indicate soon financial.;Kimberly Williams;Brown, Smith and Lawrence;2003;1
978-3-146-75;Specific process blood natural.;Sharon Ruiz;Smith and Sons;1998;3
978-3-153-53;Operation visit prove imagine.;Cynthia Romero;Hunter-Watson;2024;7
978-3-163-25;Very wonder western sure.;Gregory Spencer;Joyce-Daniel;1999;6
978-3-169-91;Century try successful.;Derrick Kirk;Alvarez Ltd;2014;6
978-3-174-74;Practice imagine.;Steven Alvarez;Holland-Robles;2007;9
978-3-179-67;Popular bring.;Ray Torres;Potter-Edwards;2012;6
978-3-188-25;Able growth Congress.;Kristin Norton;Ray, Gilbert and Snyder;2004;7
978-3-197-29;Others contain common language.;Robert Morales;Cole-Barnett;1998;3
978-3-207-15;Determine next player good main.;Gregory Luna;Galloway PLC;2018;7
978-3-215-8;Carry change oil if approach.;Michael Obrien;Burnett Inc;1991;10
978-3-220-94;Candidate today listen fine.;Benjamin Boyle;Lee Ltd;1997;3
978-3-228-28;Fund bad contain.;Michelle Robinson;Branch-Rivera;1990;1
978-3-234-78;Yes far.;Pamela Chavez;Manning, Gomez and King;2001;10
978-3-244-14;Third about several cover.;Ryan Davis;Wright LLC;2005;3
978-3-251-44;Court husband edge network.;Margaret Murphy;Marshall, Bradshaw and Cervantes;2017;3
978-3-256-32;Participant section smile sort.;Riley Reyes;Moran-Morrow;2011;6
978-3-261-52;Free respond attack.;Carol Cook;Williams Group;2021;4
978-3-271-75;Anyone across.;Stephanie Best;Kennedy, Bailey and Wilson;2018;8
978-3-278-47;Marriage very outside source.;Tammy Lambert;Short LLC;2010;2
978-3-283-22;Road benefit whatever color.;Lisa Reynolds;Gutierrez Ltd;2020;6
978-3-290-99;Pattern minute sport.;Kenneth Mcintyre;Mathews, Richardson and Thompson;2000;8
978-3-300-16;Difficult let physical.;Scott Velazquez;Johnston PLC;2023;1
978-3-307-88;Success tree anyone wear.;James Smith;Griffin-Sanders;2000;2
978-3-317-77;Crime food consumer loss.;Sonya Deleon;Martinez-Ryan;2000;6
978-3-326-48;Himself certain increase blue most.;Mercedes Stafford;Watson, Lane and Gonzales;1992;2
978-3-332-82;House generation benefit our.;Billy Wheeler;Christian Ltd;2024;9
978-3-339-38;Quality after trial.;Joseph Clark;Gomez Ltd;2001;1
978-3-346-29;Feel job performance.;Benjamin Walker;Mora, Merritt and Larson;2022;9
978-3-354-17;Long feel travel.;Brittney Blackburn;Bright-Hernandez;1996;7
978-3-364-44;Western yet field everyone.;Michael Hull;Walters-Jackson;2017;9
978-3-372-9;Agent heavy teacher.;Courtney Richards;Gordon-Meadows;2008;10
978-3-378-81;Happen kind conference country evening.;Victoria Williams;Barton-Salazar;2004;4
978-3-385-53;Congress drop father keep result.;Christine Garza;Roberts, Mann and Allen;2016;7
978-3-393-34;Condition contain.;Albert Smith;Clay-Kane;1990;10
978-3-400-86;West successful yeah show.;Amanda Fritz;Benjamin-Bowman;1990;5
978-3-405-22;Society enough.;Robert Miles;Mitchell, Smith and Brown;2015;4
978-3-412-77;Fact matter win.;Darren Byrd;Simmons and Sons;2020;9
978-3-420-57;Front left suggest scientist.;Jenna Robinson;Harris-Mccoy;2003;1
978-3-425-33;Project still.;Miss Lisa Cruz DDS;Garner-Hawkins;1992;9
978-3-431-7;Age book just.;Shannon Weaver;Morton-Cherry;2008;3
978-3-441-18;Air difference parent yeah.;Elizabeth Nelson;Coleman Ltd;2010;3
978-3-447-99;Quite rise ball off.;Kenneth Lewis;Nash, Parsons and Flores;2001;3
978-3-455-28;Direction vote.;Thomas Oconnell;Porter Inc;2012;10
978-3-461-18;Continue seek during.;Jasmine Phillips DDS;Cross, Tucker and Hunter;1990;6
978-3-468-17;Require decision require name.;Angela Brown;Whitehead-Riley;1992;10
978-3-477-79;Friend sense choice deep.;Kevin Cole;Miller, Flores and Hernandez;2010;9
978-3-482-73;Power should newspaper instead.;Kelly Chapman;Bass-Underwood;2017;2
978-3-490-52;Billion service their.;Stacey Hawkins;Mccarthy-Norton;2007;1
978-3-495-21;Produce exist particular sometimes main.;Kelsey Browning;Johnson LLC;2021;10
978-3-505-57;Blood site.;Pamela Guerra;Stanton-Harper;2018;5
978-3-511-24;Someone hair education exactly.;Alan Carroll;Lozano PLC;2004;5
978-3-520-72;Impact never read child exist.;Michael Hart;Hood-Smith;2000;8
978-3-528-6;Central sell policy star dog.;Steven Cook;Mullins-Mckenzie;2015;9
978-3-535-13;Throughout likely once.;Joshua Thomas;Perez, James and Vargas;2005;5
978-3-543-30;Happen defense enough.;Crystal Johnson;Barnett-Garner;2018;7
978-3-552-76;Pattern country stay.;Michael Green;Spencer, Bryant and Wallace;2004;10
978-3-561-93;Along notice professor exactly.;Patricia Rodriguez;Chavez, Hanson and Logan;1995;4
978-3-568-74;Country serious reveal across.;Taylor Cline;Johnston, Ward and Moore;2016;8
978-3-578-88;Understand stay.;Shelly Moss;Cohen PLC;2004;6
978-3-588-30;Its surface.;Jill Smith;Thomas Inc;2021;5
978-3-597-40;Seven citizen.;Julie Davis;Rose, Werner and Randall;1997;1
978-3-602-79;Environment believe available want population.;Angela Fields;Foster-Juarez;1999;6
978-3-609-68;Receive full almost focus seek.;Marvin Johnston;Hendrix, Mullins and Cooper;2005;4
978-3-614-62;Property throughout.;John Cohen;Sparks Inc;1996;4
978-3-621-55;Receive among for.;Amanda Casey;Melendez Ltd;2017;10
978-3-631-90;Thousand soldier first plan a.;Joseph Miller;Klein-Hardin;2000;9
978-3-638-29;Above join each.;Amy Ayers;Edwards Group;2012;8
978-3-648-47;Building think little.;Melissa Pruitt;Fischer, Thomas and Price;1998;4
978-3-653-19;Generation what positive.;Vanessa Clark;Merritt PLC;1999;2
978-3-661-70;Maybe cut wrong.;Brandy Burton;Ferguson, Stanton and Montgomery;2005;1
978-3-671-59;Standard writer fish.;Carla Foster;Hess, Liu and Kennedy;1994;2
978-3-676-7;Girl more business star final.;Brandon Baxter;Cooper PLC;1999;6
978-3-686-18;Ten window drug news reveal.;Michael Tran;Clark-Gay;2020;4
978-3-693-30;Job simply top answer.;Kelly Morales;Anderson Inc;2010;3
978-3-700-80;Cost sometimes group away bring.;Nathan Fuller;Griffin-Phillips;2023;6
978-3-709-81;Take I poor effort medical.;Stephanie Carrillo;White, Cox and Huerta;1998;4
978-3-719-37;Day send.;Brandon Smith;Garcia, Huffman and Lewis;1992;1
978-3-725-60;Day amount.;Peter Rodriguez;Jordan Group;2022;7
978-3-732-40;Amount cold gas.;Cheryl Henry;Solis, Garcia and Gibson;1996;7
978-3-741-95;Wish sign religious thought guess.;Sandra Medina;Strickland Inc;2009;2
978-3-750-83;Page job away.;Richard Hicks;Valdez, Kelley and Bass;2014;3
978-3-760-12;Summer tell hair give.;John Taylor;Ingram, Zavala and Mayer;2019;7
978-3-767-58;This cut able.;Christina Robles;Kelly, Parker and Meyer;2013;7
978-3-772-21;Concern someone.;William Hart;Lam-Watkins;1993;2
978-3-777-11;Single value ask attention through.;Heather Roy;Harris and Sons;2019;6
978-3-787-30;Once PM add save.;Eric Lee;Coleman Inc;2014;1
978-3-795-26;Business body almost the.;Amy Orozco;Smith, Glover and Bates;2022;9
978-3-802-30;Information thought.;Kim Harper;Palmer-Jackson;2013;4
978-3-811-10;Since everyone do clear.;Jennifer Bell;Green, Thomas and Newton;2003;8
978-3-816-32;Course do care.;Alyssa Garza;Wilson, Mendoza and Smith;2001;7
978-3-826-37;Live foot tough accept attorney.;Michael Morris;Thompson PLC;2010;2
978-3-833-88;Crime expert sit.;Lisa Medina;Jones-Merritt;2000;1
978-3-839-27;Never tax soon.;Anita Peterson;Woods PLC;1990;4
978-3-846-0;Shake PM teach.;Daniel Jackson;Ford, Chase and Torres;2002;8
978-3-853-84;Method stock all alone.;Emily Buck;Martinez Ltd;1990;9
978-3-859-57;Camera camera similar in.;Sarah Sanders;Myers, White and Wiggins;1997;7
978-3-869-94;Take pick.;Willie Burns;Simpson-Smith;2019;2
978-3-878-85;Behind raise reduce.;Adam Rodriguez;Burnett and Sons;2000;5
978-3-884-47;With usually everybody.;Nicholas Baker;Rodgers, Bush and Arroyo;2010;10
978-3-891-4;Beautiful then bit.;Michael Contreras;Curtis, Hill and Yates;1996;5
978-3-897-78;End main.;Charles Miller;Jones, Johnson and Durham;1990;10
978-3-902-13;Election top sure since.;James Lyons;Peters-Adams;2024;1
978-3-910-15;Guess beat plant.;Christina Oneill;Bowman, Campbell and Mills;2013;10
978-3-916-17;Alone run.;Christopher Palmer;Long PLC;2012;1
978-3-924-64;Difference project black.;Lisa Dudley;Peters-Martin;2021;1
978-3-933-50;Still arm whom those.;Hannah Miles;Beck LLC;2009;2
978-3-942-76;Can hospital no state several.;Justin Gonzales;Adams and Sons;1992;8
978-3-949-12;Month artist clearly measure.;Robert Collins;Wilson, Richardson and Allen;2015;6
978-3-958-9;Sell direction real.;Joseph Lawson MD;Perry, Miller and Shepard;2001;6
978-3-963-7;Win usually offer television.;Jeffrey Cannon;Mcguire-Guerrero;2019;9
978-3-971-71;Try political.;Donald Price;Wise, Garcia and Rodriguez;2015;1
978-3-976-72;Between go.;Troy Brown;Bennett-Gregory;1998;4
978-3-984-62;Good tend.;Karen Jackson;Giles, Cox and Rodriguez;2007;5
978-3-991-73;Run reach continue security condition.;Thomas Harmon;Watson-Davis;2002;6
978-3-1001-91;Describe affect.;Michael Schultz;Taylor, Robinson and Ortiz;2005;6
978-3-1007-68;Until successful stock decade.;Shannon Mccarthy;Hanson, Duffy and Combs;2019;3
978-3-1013-92;While charge.;Kimberly Hall DVM;White and Sons;2015;3
978-3-1022-73;She measure boy.;Maria Wood;Greene-Rodriguez;1991;1
978-3-1032-63;Nothing suddenly.;James Williams;Perez PLC;1999;9
978-3-1042-71;Evening sit.;Heidi Herrera;Graves-Hernandez;2024;2
978-3-1048-18;Light the hard.;Lisa Williams;Watts-Warner;1995;4
978-3-1058-88;Something sense eat top also.;Robert Carrillo;Martinez LLC;2021;7
978-3-1065-84;Bad war fact music.;Nancy Blair;Riley Ltd;2008;3
978-3-1071-3;International protect financial natural.;Emily Evans;Graham Group;1997;4
978-3-1078-56;Prepare party perform throw bank.;Mario Maldonado;Snyder, Morris and West;1997;4
978-3-1086-41;Call foreign possible poor.;Ann Henderson;Lee and Sons;2021;8
978-3-1092-44;New eye find.;Jeffrey Chen;Martin, Roberson and Cole;2016;1
978-3-1098-18;Event religious career do.;Peter Wright;Lewis Ltd;2022;1
978-3-1104-70;Seek artist glass more require.;Stephanie Hancock;Miranda-Smith;2011;6
978-3-1109-42;Sign finally firm.;Michael Rodriguez;Mosley-Deleon;2013;8
978-3-1119-60;Between top manager.;Patricia Klein DDS;Strickland, Robinson and Bray;1999;10
978-3-1124-42;Poor truth spring door ten.;Dean Elliott;Gonzalez and Sons;2011;9
978-3-1129-48;Full check guess democratic ability.;Tonya Robbins;Rubio Group;1997;6
978-3-1134-44;Any major seek.;Sheila Lewis;King, Clark and Long;2002;10
978-3-1142-76;Ground while lose able style.;Peter Bruce;Fields-Kirby;1992;10
978-3-1148-85;Bit not surface amount.;David Johnson;Stevens, Cruz and Vazquez;2003;6
978-3-1158-89;Writer you plan guy.;Jamie Turner;Miller-Smith;1996;8
978-3-1165-99;Word customer.;Crystal Arroyo;Green, Rodriguez and Osborne;2004;7
978-3-1172-11;Mention mean consider.;Charles Sanchez;Thomas-Sanchez;2013;1
978-3-1182-8;Sort onto.;Laura Elliott;Gray-Lawson;2007;3
978-3-1189-5;Reality break.;Amy Arnold;Bell Inc;2010;6
978-3-1195-87;Each think serve explain.;Leslie Archer;Jones, Johnson and Lang;1993;9
978-3-1200-73;Task listen Democrat.;William Vance;Fuller LLC;2022;7
978-3-1208-28;Feeling art treat last.;Ann Johnson;Scott-Howard;1990;1
978-3-1214-85;Herself manage customer.;Leslie Palmer;Owen, Brown and Page;1990;2
978-3-1224-62;This support interesting up.;Ryan White;Escobar, Clark and Williamson;2006;9
978-3-1230-15;Glass company there network.;Alfred Hamilton;Rocha and Sons;2019;8
978-3-1238-84;Education full such source.;Caitlyn Frye;Smith Inc;2012;1
978-3-1245-43;Until live.;Kristina Sanchez;Ramsey Ltd;2017;7
978-3-1252-59;Performance occur style red.;Taylor Richardson;Mccoy-Kirby;2020;2
978-3-1258-44;Parent contain these impact.;Loretta Smith;Thompson Group;2024;4
978-3-1263-74;Cultural conference central.;Eric Vance;Cole, Flores and Jacobs;2013;4
978-3-1270-84;Religious speak.;Jack Wallace;Riddle, White and Davis;2001;4
978-3-1277-48;Religious including sea lay.;Brittany Mahoney;Johnson, Martinez and Nichols;2018;9
978-3-1284-26;Performance push.;Caitlin Dougherty;Estrada-Smith;2024;4
978-3-1292-30;Production or audience necessary support.;James Murphy;Willis-Johnson;2018;5
978-3-1297-50;Tonight PM great determine.;Brenda Pierce;Kelly and Sons;2012;8
978-3-1305-16;Up them notice.;Joshua Smith;Byrd-King;2023;5
978-3-1315-78;Perhaps number happen special.;Sharon Gonzales;Mccullough-Freeman;1991;3
978-3-1322-50;National capital television room low.;Jessica Bryant;Brown-Dixon;2020;6
978-3-1329-17;Question production.;Brian Moody;Gomez-Petty;2024;8
978-3-1339-65;Real agree school say.;Christopher Torres;Tanner-Gonzales;2023;3
978-3-1349-9;End out peace young bill.;Zachary Torres;Fry, Scott and Thomas;1997;10
978-3-1357-67;Through ask rate.;Christopher Lee;Blair, Cochran and Jacobs;2016;7
978-3-1362-93;Surface may improve control.;Michael Bowman;Allen, Brown and Duncan;2023;5
978-3-1367-52;Score board kind particularly.;Julie Daugherty;Ballard Inc;2007;9
978-3-1372-86;Plant mission land box.;Brandon Fields;Scott-George;2012;5
978-3-1381-83;Drug some staff.;Laurie Castro;Anderson, Ruiz and Green;2012;3
978-3-1386-71;Rise of manager road.;Rachel Jones;Simmons-Cline;1992;4
978-3-1394-33;Pm visit second should.;Malik Cruz;Myers Group;2022;5
978-3-1401-39;Region necessary recently.;Brandon Schmitt;Macias-Peters;2010;8
978-3-1406-20;Would move husband fight.;Daniel Hall;Kelly-Elliott;2019;10
978-3-1414-70;Power model trial your owner.;Perry Gonzales;Curtis and Sons;2019;6
978-3-1423-97;Common result.;Caleb Williams;Davidson Inc;2006;7
978-3-1429-60;Yet project spend.;Meghan Le;Lara Group;2013;1
978-3-1434-95;Couple picture ask.;Mary Oliver;Saunders, Kelly and Johnson;1993;10
978-3-1443-11;Mind figure with.;Brian Hale;Clark-Cline;2019;4
978-3-1451-12;Research help activity.;Jessica Oliver;Lin Ltd;2012;8
978-3-1460-71;Middle such success inside.;Erin Moore;Baker, Beasley and Franklin;1995;8
978-3-1467-93;War argue design look.;Brent Walsh;Colon PLC;2018;6
978-3-1477-2;Wind goal stuff parent experience.;Brett Zavala;Ayala, Martin and Terry;1993;9
978-3-1483-91;Move possible wear realize.;James Sanders;Martin and Sons;1998;3
978-3-1492-57;Structure lay.;Linda Christian;Richardson, Maxwell and Donovan;2010;2
978-3-1501-44;Full seat executive adult.;Brooke Jones;Johnson Inc;2011;5
978-3-1507-18;Perform light drug.;Sue Black;Howard, Bailey and Scott;2022;9
978-3-1514-13;Series development condition that consider.;Amanda Brooks;Dyer-Ortiz;2011;10
978-3-1521-89;Traditional most support.;Bobby Conner;Webster, Lester and Gilmore;2021;2
978-3-1527-72;News husband institution.;Rebecca Love;Smith-Ramirez;2010;4
978-3-1535-43;Step painting risk stock financial.;Andrea Walsh;Smith, Nunez and Lowe;2001;7
978-3-1542-33;Very dog pressure church.;Abigail Martinez;Thompson and Sons;2012;7
978-3-1547-94;Send very.;John Peterson;Brown, Ortiz and Escobar;1993;9
978-3-1553-70;Thus population view.;Aaron Lamb;Carlson-Fischer;2020;3
978-3-1560-51;Listen institution around answer.;Matthew Clayton;Reid-Smith;2023;7
978-3-1570-35;I listen operation store.;Michelle Knapp;Fox-Green;1995;8
978-3-1578-17;Bar series could next environmental.;Tracy Richardson;Snyder, Lewis and Adams;2014;9
978-3-1584-98;Health both its successful.;Monica Sharp;Bradford-Butler;2021;6
978-3-1589-30;Court fight market.;Dr. Leah Burch;Thomas-Alvarez;2021;10
978-3-1594-57;Him page.;Peter Caldwell Jr.;Vargas-Gomez;2015;10
978-3-1604-99;Teacher study edge.;Cathy Pierce;Aguirre, Fernandez and Flores;1994;7
978-3-1612-84;Carry since century best particular.;Heather Moore;Stephenson, Carey and Howard;1991;2
978-3-1618-67;Among design dinner almost.;Jacob Harrison;Rivera PLC;1995;3
978-3-1628-91;Street clearly pattern city there.;Karen Barrera;Miller-Crosby;1995;3
978-3-1633-11;Rock ok hand usually.;Pamela Wells;Hudson, George and Jefferson;2020;7
978-3-1639-68;Crime impact inside left.;Gary Griffin;Garza-Dean;2012;6
978-3-1647-16;Five better senior.;Adam Dennis;Castillo, Williams and Stein;1995;3
978-3-1653-28;Call budget try.;Maria Olsen;Mcbride-Lee;2015;10
978-3-1660-30;Natural political door order could.;Michael Nelson;Porter Inc;2020;3
978-3-1670-18;Ask note section bar.;Taylor French;Guerrero, Mayer and Davis;2015;10
978-3-1680-7;Condition national.;Michael Butler;Kim Group;2004;7
978-3-1689-70;Change reflect of national expect.;Charles Valdez;Salazar, Aguilar and Anderson;2023;10
978-3-1695-33;Song husband.;Nathan Owens;Park Group;2002;7
978-3-1702-88;Main increase in across.;Amanda Hanson;Gonzales, Austin and Clark;2000;7
978-3-1711-71;Pass trade page job.;Michael Meza;Williams-Osborne;2020;1
978-3-1716-7;Seek might.;Troy White;Bailey, Pham and Mccarthy;2008;10
978-3-1726-15;Another nature receive party.;Tammy Smith;Ball LLC;2012;5
978-3-1732-45;Through bar mean.;Laura Johnson;Logan and Sons;1994;6
978-3-1739-7;Money similar describe so per.;Susan Key;Peterson-Martin;2011;3
978-3-1746-38;Cell receive pass agreement.;Ryan Smith;Carter, Perry and Benton;2010;5
978-3-1751-47;Too keep beyond.;Lisa Jenkins;Rangel, Wilkinson and Reeves;2014;2
978-3-1758-18;Better old job.;Dylan Fitzgerald;Lewis-Snyder;2001;2
978-3-1768-90;Arm paper let.;Shannon Price;Dudley Ltd;2014;3
978-3-1773-93;Take central customer successful top.;Mr. Ronald Mclaughlin;Nelson, Farrell and Richards;2014;1
978-3-1779-58;Bed nor strategy drive American.;George Castillo;Morales, Burch and Cox;2021;1
978-3-1787-29;Available record as mean.;Belinda Johnson;Hooper-Horton;2024;9
978-3-1792-15;Time way bank.;Shane Jones;Lucas-Martinez;2004;8
978-3-1802-51;Western choose six.;Stephen Aguirre;Chase, Thompson and Mcguire;2017;6
978-3-1807-75;Drug line else.;Johnathan Lang;Zavala, Lee and Morgan;2005;8
978-3-1812-70;And you far measure.;Sarah Smith;Clayton Group;2022;1
978-3-1820-18;Since begin court example.;Tyler Payne;Montoya, Johnson and Harris;1995;2
978-3-1830-65;Song believe seat right political.;Donald Davis;Vincent-Hill;1994;10
978-3-1839-22;Media try chance civil way.;Mr. Peter Lucero;Johnson and Sons;2024;7
978-3-1844-10;Family represent compare.;Dale Mcdowell;Baker-Shea;1990;2
978-3-1854-48;Old off partner.;Nicholas Smith;Roth, Knight and Alexander;1992;7
978-3-1860-71;Some early machine.;Richard Lamb;Kelley PLC;1997;8
978-3-1868-24;Star protect food wall.;Mike Garcia;Kim-Cooley;2019;1
978-3-1878-52;Opportunity nothing difficult certainly media.;Nicholas Barnes;Archer-Davies;2024;9
978-3-1884-25;Plan point career wall.;Joseph Daniels;Robinson Ltd;2009;10
978-3-1893-33;Day side.;John Burgess;Blankenship-Stein;1993;8
978-3-1902-86;Partner form.;Andrew Lopez;Hughes-Jenkins;2017;4
978-3-1909-37;Visit professional senior.;Heather Cook;Lewis, Reed and Hunt;1996;7
978-3-1914-35;Federal show first.;Margaret Garcia;Murphy PLC;2015;3
978-3-1924-48;Find far marriage see.;Laura Baldwin;Burke-Murphy;2011;4
978-3-1931-89;Meeting effort owner for.;Dennis French;Carter-Bush;2016;1
978-3-1941-15;Job society defense.;Angela Bryant;Mcdaniel, Long and Parker;2004;6
978-3-1951-76;Ever necessary audience provide Congress.;Christine Ward;Phillips Group;2006;8
978-3-1961-19;Candidate most sport help.;Heidi Moreno;Chapman, Drake and Bailey;2007;1
978-3-1970-6;Police expert knowledge manager.;Harold Durham;Dawson-Neal;2018;2
978-3-1975-66;Including red later board.;Nicholas Smith;Schultz-Sutton;2003;2
978-3-1985-99;Economic interest last table consider.;Joseph Phillips;Fernandez, Baker and Johnson;2010;7
978-3-1992-97;Person per measure sort.;Jon Bates;Weaver-Norton;1994;9
978-3-1998-56;Visit could couple.;Sarah Jones;Harrington-Poole;2022;10
978-3-2008-13;Care what ready type.;Jason May;Moyer-Palmer;2010;4
978-3-2013-68;Just customer us value kid.;Jeffrey Vazquez;Brown-White;2015;10
978-3-2021-8;Job quality blood.;David Copeland;Webb LLC;2007;8
978-3-2031-17;Music since candidate loss.;Jennifer Briggs;Scott, Martin and Tucker;2023;9
978-3-2039-80;Prevent movie product.;Patrick Mueller;Johnson-Williams;2022;6
978-3-2046-58;Network statement.;Emily Levine;Miller-Moody;1992;9
978-3-2053-71;Pay between at.;David Oconnor;Compton and Sons;2023;7
978-3-2062-5;Church threat age great.;Anthony Rhodes;Palmer-Bean;2016;1
978-3-2071-76;The hair agreement.;Stephanie Short;Mcdonald, Mcdonald and Kennedy;1991;10
978-3-2078-14;Away program capital decade.;Andrew Stanley;Ward-Stone;1998;6
978-3-2085-53;Market easy.;Michael Franklin;Norris, Black and James;2004;4
978-3-2091-26;Total with him.;Timothy Taylor;May PLC;1995;4
978-3-2100-60;Within option party go.;Monica Montgomery;Phillips, Brown and Brewer;2011;4
978-3-2106-97;Can produce grow laugh tonight.;Brittany Garza;Lester-Francis;2022;4
978-3-2115-17;Practice kind wind attorney feeling.;John Kim;Jackson-Johnson;1999;6
978-3-2122-89;Far society gas animal.;Katherine Rodriguez;Moody and Sons;2019;3
978-3-2129-31;With box food try.;Alyssa Guzman;Mitchell PLC;1991;8
978-3-2137-77;Much audience almost he growth.;Stephen Goodman;Wright, Burton and Clark;1999;8
978-3-2144-44;Stay population present.;Matthew Gonzalez;George, Davis and White;2013;6
978-3-2152-16;Business tax computer school world.;Jennifer Lopez;Navarro, Baldwin and Campbell;2002;3
978-3-2159-83;Brother likely share less arrive.;Katie Joseph;Bennett-Evans;2009;8
978-3-2167-59;Plant score.;David Ball;Rowe-Donovan;1991;6
978-3-2177-67;Matter adult drug these.;Cheryl Marshall;Martin, Hansen and Wilkerson;1996;9
978-3-2187-7;Bit clearly prove rather.;Beverly Campbell;Collins-Daugherty;2015;10
978-3-2193-2;Job tax.;Emily Barnes;Sanchez-Richards;2017;3
978-3-2202-94;Very four its.;Manuel Bryant;Lopez Ltd;2005;7
978-3-2209-95;Carry open leave gun.;Eric Delgado;Jones, Keith and Allen;2018;10
978-3-2215-42;I program.;Harry Perkins;Hicks, Myers and Byrd;1995;4
978-3-2224-40;Particularly just.;Robert Mckinney;Young PLC;2008;3
978-3-2232-60;Other few mouth ever.;Kristie Wade;Owens-Smith;1995;1
978-3-2239-98;Challenge a sound describe.;Tanya Little;Morrison Group;2017;3
978-3-2244-19;Red with community.;Mark Daniel;Hansen-Andrews;1994;6
978-3-2250-91;Rock history adult camera.;Douglas Bishop;Stephens, Nichols and Figueroa;1996;6
978-3-2255-84;Parent draw theory.;Rebecca Pittman;Kane, Gray and Rose;1997;2
978-3-2260-32;Here election night.;Dan Jones;Smith-Weiss;2015;5
978-3-2268-72;Investment send allow test soon.;Holly Stone;Sherman and Sons;1991;4
978-3-2275-11;Specific do discover learn.;Sharon Rasmussen;Holmes-Jacobs;1993;4
978-3-2281-5;Actually during data.;Peggy Adams;Robinson-Mccoy;2021;3
978-3-2288-87;Respond state.;Daniel Banks;Williams, Brooks and Kelly;2016;9
978-3-2297-40;Five your.;William Riley;Parks PLC;2021;10
978-3-2302-25;Fire particularly trip responsibility.;Noah Stein;Franklin, Turner and Ortiz;2024;9
978-3-2310-59;Information laugh partner use station.;Melanie Clark;Shannon Ltd;2008;8
978-3-2315-62;Lot drop rate.;Zachary Palmer;Jones, Allen and Jones;2008;3
978-3-2320-72;Former mission organization.;Colleen House;Vazquez, Proctor and Perez;1994;5
978-3-2330-72;Hold garden claim.;Matthew Gilbert;Hutchinson, Campbell and Williams;1991;7
978-3-2336-14;Most born or not mother.;Alexis Ortega;Gutierrez-Lewis;1997;10
978-3-2345-88;Matter often walk entire.;Theresa Walker;Waller, Huffman and Bennett;1992;10
978-3-2351-27;Carry ability however.;Michael Hansen;Walters-Chang;2016;10
978-3-2360-49;Experience fish go movie.;Rachel Lang;Bass and Sons;1999;5
978-3-2365-12;Computer stage write.;Jessica Thompson;Hubbard, Reynolds and Sandoval;2000;7
978-3-2375-22;Mother he work hit.;Elizabeth Wagner;Martin, Jefferson and Townsend;2011;6
978-3-2380-54;Candidate time item blood former.;Jonathan Gonzalez;Hernandez-Jenkins;2022;1
978-3-2390-34;Mind positive land.;Howard Craig;Higgins-Mitchell;2006;7
978-3-2397-28;See couple.;Sandra Morgan;Smith, Turner and Ferrell;2019;3
978-3-2402-86;Successful although most.;Christine Kirk;Hall, Bush and Peterson;2017;8
978-3-2407-29;Your account catch benefit.;Wyatt Koch;Daugherty, Hickman and Johnson;1999;5
978-3-2414-65;Loss hotel war.;Julie Dean;Blackburn-Hubbard;1998;9
978-3-2421-78;Instead try.;Michael Flores;Duncan, Gallegos and Reyes;1999;3
978-3-2428-94;I father.;Daniel Johnson;Acosta, Sanchez and George;2013;6
978-3-2434-68;Traditional institution age.;Betty Brown;Jones Ltd;2017;10
978-3-2442-42;Summer really including.;Michael Morales;Duncan, Jones and Mathews;1996;3
978-3-2447-5;It save hospital teacher.;Anthony Alexander;Jones Inc;2023;7
978-3-2455-25;Choose together explain.;Richard Preston;Reyes, Garrett and Kelley;1994;3
978-3-2461-37;Meeting fly computer tree.;Earl Jones;Jones-Freeman;2016;4
978-3-2470-6;Painting student moment enough process.;Todd Parker;Scott PLC;1993;2
978-3-2475-33;Quality similar.;Nancy Kemp;Reed LLC;1991;5
978-3-2483-59;Building enough poor cup cold.;James Lewis;Mccullough LLC;2015;8
978-3-2493-96;Participant example leg.;Lisa Bailey;Stewart LLC;2017;1
978-3-2499-86;Prepare project write.;William Estrada;Brown-Miller;1997;7
978-3-2506-53;Successful itself country any.;Sandra Barnes;Davis, Ryan and Jones;2007;3
978-3-2511-24;Power see skin.;Dr. Phillip Perez;Wilcox LLC;2024;10
978-3-2517-42;Hear idea certainly word.;Carlos Atkins;Osborne Ltd;1992;3
978-3-2523-89;Mouth where bed oil soldier.;Kelly Andrews;Baxter-Lawrence;1996;9
978-3-2531-43;Run property recent agreement.;Emma Bonilla;Jones, Howard and Ellison;1997;3
978-3-2540-44;Until need particularly leg size.;Erin Hayden;Gray-Jackson;2021;1
978-3-2546-85;Other student note debate heavy.;Ryan Blankenship;Rivera-Moody;2006;3
978-3-2554-57;Carry result medical.;Amanda Christensen;Randolph Group;2005;5
978-3-2559-87;Stop tough recent method.;Peter Oconnor;Pearson and Sons;2012;2
978-3-2569-90;Account late wrong consider.;Alexander Washington;York PLC;2019;9
978-3-2577-25;Idea tough drug easy.;Stephanie Mercado;Whitney-Bolton;2008;4
978-3-2586-67;Anything change article.;Marc Wilcox;Barnett PLC;1990;2
978-3-2596-88;Main in network.;Lindsay Hale;Wang Ltd;2004;2
978-3-2601-81;Professor accept drop.;Douglas Cabrera;Smith-Floyd;2013;10
978-3-2608-44;Measure purpose someone million herself.;Ashley Davis;Perkins-Berg;1991;2
978-3-2616-13;Write win necessary system traditional.;Wesley Vance;Gomez Group;2016;8
978-3-2624-25;Sister several in across.;Donald Hodge;Murray-Nichols;1998;1
978-3-2634-69;Front military.;Elizabeth Chandler;French LLC;2023;5
978-3-2643-48;Democrat later most place artist.;Jeffrey Flores;Mcdonald, Walker and Swanson;2013;7
978-3-2649-35;Shoulder discover physical.;Matthew Dunn;Whitaker PLC;2022;2
978-3-2659-80;Statement PM.;Teresa Alvarez;Miller, Simmons and Lopez;2004;7
978-3-2668-34;Live hospital.;Mary Weiss;Flores Inc;2018;8
978-3-2678-7;Must with recent.;Susan Kelly;Lewis PLC;2007;9
978-3-2683-89;Three charge past however.;Stephanie Jensen;Jenkins PLC;2004;1
978-3-2690-28;Member friend choice on.;Tiffany Compton;Wood LLC;2022;3
978-3-2696-81;Worry beat window nation thank.;Matthew Johnson;Myers-Neal;2019;10
978-3-2704-59;Main character.;Bryan Camacho;Booth Ltd;2015;8
978-3-2713-11;Meeting election worry.;Jeremy Rodriguez;Gordon, Nguyen and Frank;2013;9
978-3-2722-62;Eye city ago hospital.;Troy Santos;Barrett Inc;2022;1
978-3-2731-46;Program civil hand.;Mr. Gregory Medina;Cruz, Blevins and Anderson;1990;9
978-3-2737-26;Window leg all.;Adrienne Ellis;Morales PLC;1994;10
978-3-2743-67;Per central we catch always.;Kristin Graham;Sanchez, Robertson and Silva;2004;6
978-3-2748-46;Evening first.;Steven Jones;Walker-Hensley;2024;3
978-3-2756-59;Else thank say.;Christopher Davis;Decker Ltd;2001;9
978-3-2762-60;Huge blue watch argue sea.;Patrick Boyd;Edwards-Mcclure;1998;4
978-3-2768-4;Mouth mouth.;Danielle Hodges;Hudson-Wyatt;2022;1
978-3-2774-9;Pressure from candidate put your.;Kayla Mayer;Bartlett, Roberts and Martinez;1994;9
978-3-2779-88;Industry public most.;Mrs. Emily Washington;Farmer, Morris and Kim;2015;6
978-3-2788-27;Concern brother industry thought.;Michael Sanders;Fuller, Delacruz and Williams;2011;4
978-3-2797-97;Book item wish part.;Lisa Bell;Singh LLC;2023;5
978-3-2806-2;Environment west enough look.;Stephanie Graham;House-Holmes;2008;1
978-3-2812-7;Unit after.;Gregory Tanner;Adams-Dennis;2004;5
978-3-2821-85;Stuff series room local task.;Christopher Ray;Smith-Mcmillan;2006;5
978-3-2826-46;When teacher cause add soldier.;Roger Nguyen;Baker Inc;2006;8
978-3-2833-3;Western popular.;Joseph Torres;Wagner, Brown and Myers;2023;9
978-3-2843-54;Fast term reality.;Stephanie Gonzalez;Mccarty Ltd;2020;3
978-3-2850-45;Explain same road grow.;Michele Schroeder;Richardson-Mitchell;1995;2
978-3-2856-27;Discussion benefit cold sport now.;Mary Walls;Young, Watts and Flores;2020;8
978-3-2866-74;Score accept.;Michael Kim;Fletcher-Solomon;2009;6
978-3-2874-88;Throw phone along market.;Teresa Garcia;Smith-Shaffer;1994;2
978-3-2883-16;Computer word its.;Phyllis Rice;Hernandez and Sons;1994;9
978-3-2890-91;Meet number still.;Amber Briggs;Anderson-Robinson;1996;1
978-3-2896-86;Board maintain better group.;Barbara Meyer;Bailey, Pope and Lee;2000;10
978-3-2904-92;If long.;Aaron Taylor;Adams-Harris;1997;4
978-3-2911-67;Special participant customer.;Wayne Owens;Lozano, Richardson and Anderson;2008;9
978-3-2917-3;Story experience than.;Ethan Flores;James PLC;1999;2
978-3-2926-40;Send be create.;Ruben Stephens;Booker Ltd;2020;6
978-3-2934-86;Large leg civil owner.;Bobby Arroyo;Lewis, Mcconnell and Williams;2000;4
978-3-2939-76;Risk everyone sure.;Jonathan Haas;Maynard-Holt;2024;9
978-3-2945-67;Security his painting today under.;Brian Griffith;Hayden-Meyer;2019;7
978-3-2951-77;North guess amount involve art.;Cristian Phelps;Owens, Donaldson and Smith;2011;5
978-3-2961-50;Stop season knowledge foot.;Rachel Allen;Nguyen Ltd;1990;1
978-3-2971-96;And allow American expert.;Nichole Fernandez;Lucas-Lutz;2005;8
978-3-2976-70;Avoid vote do.;Katie Simon;Knight, Reed and Romero;2017;7
978-3-2985-43;Identify a big.;Carlos Keller;Martin-Jackson;2016;5
978-3-2992-70;Challenge statement set Mr significant.;Timothy Williams;Holden and Sons;1991;9
978-3-2999-23;Simply reach.;Danny Smith;Crawford-Green;2012;5
978-3-3009-52;Church particular western.;Ms. Carly Sanford MD;Garcia, Bradley and Howe;2009;4
978-3-3016-10;Remember door town generation movement.;Kiara Diaz;Giles-Reed;2022;3
978-3-3022-83;Usually pretty require standard.;Matthew Floyd;Webb-Smith;1998;3
978-3-3029-13;Sign believe wish again.;David Yu;Griffith-Walter;1990;5
978-3-3034-3;Four our safe everything consider.;Jennifer Ellis;Cruz LLC;2000;4
978-3-3044-95;Body fill hot production admit.;Nicole Leach;Lopez, Moore and Torres;2022;6
978-3-3051-92;Interest article total.;Laura Keller;Jackson PLC;1997;4
978-3-3058-20;Concern brother maintain market.;Julie Jones;Brown-Flynn;2009;6
978-3-3066-52;Strong both poor field.;Denise Pittman;Cook-Webb;2004;1
978-3-3076-16;Hold country answer animal half.;Mrs. Deborah Brown;Young, Anderson and Dudley;2000;9
978-3-3082-6;Buy enter.;Patricia Wright;Taylor-Lewis;2019;10
978-3-3091-98;Road course suffer.;Angela Morris;Mann, White and Lee;2017;10
978-3-3100-57;Treat standard cause.;David Decker;Drake-Wilson;1992;8
978-3-3108-5;Account also person half walk.;Evelyn Miller;Rogers, Thomas and Smith;2023;4
978-3-3113-22;Gas tree reflect drug.;Charles Chen;Carter, Farmer and King;1990;4
978-3-3118-45;Feel poor.;Mrs. Julie Cole;Allison-Sanchez;1991;10
978-3-3125-58;So option art.;Amber Chavez;Dyer, Phillips and Glover;1995;3
978-3-3133-40;Consider just soldier.;William Weiss;White-Barker;2019;5
978-3-3138-17;Benefit system Mr.;Randy Nelson;Barber-Lopez;2002;2
978-3-3144-65;Study front road.;Jeffrey Mccarthy;Bowman Group;1994;4
978-3-3152-57;Do dog yet only stop.;Andrew Sheppard;Garrison and Sons;1993;2
978-3-3157-82;Yourself thought.;Kimberly Grimes;Davenport LLC;1992;3
978-3-3162-92;Truth Mr push physical.;Aaron Goodwin;Williams Inc;1994;4
978-3-3169-81;Represent put player within.;Kevin Crawford;Wong LLC;2005;7
978-3-3177-47;Really million develop scene.;Luke Morales;Ramsey-Stevens;1997;5
978-3-3184-34;Of adult.;Jennifer Miller;Schaefer, Henderson and Adams;1995;8
978-3-3193-7;Coach performance power near.;John Thompson;Newman-Johns;2022;10
978-3-3201-89;Owner matter economy.;Sarah Miller;Wilson Group;2005;10
978-3-3207-32;Yes imagine it page point.;Evelyn Haynes;Jacobs-Walker;2021;2
978-3-3215-10;Measure trial local hour.;Barbara Martinez;Lowery, Torres and Parrish;2001;10
978-3-3221-14;Brother report seven.;Darlene Sanchez;Mccall, Guerrero and Woods;1991;3
978-3-3227-57;Care go.;Dr. Laurie Ruiz;Hill-White;1996;2
978-3-3235-83;Factor boy list rest.;Joseph Mccarthy;Gutierrez-Johnson;2009;4
978-3-3240-55;Somebody at firm happen.;Javier Burton;Jones Ltd;1990;10
978-3-3246-79;Knowledge sure even important.;Marcus Anderson;Brown Ltd;2019;9
978-3-3251-68;Price film tough.;Barbara Sullivan;Hoover-Davis;1995;6
978-3-3256-78;Better he individual end.;Brian York;King-Powell;2005;2
978-3-3266-76;Major month all day west.;Kendra Franklin;Ward-Freeman;2008;6
978-3-3275-26;Sure describe nature.;Sharon Mitchell;Haynes and Sons;2017;9
978-3-3284-66;Out subject writer federal five.;Tiffany Smith;Mcdowell-Hopkins;1990;10
978-3-3294-47;Age allow yourself.;Amy Sullivan;Brown Inc;2012;6
978-3-3299-58;Them receive themselves.;Gabriella Flores;Pierce, Smith and Harvey;2000;1
978-3-3306-68;Sea note education.;Matthew Martin;Smith, Jones and Norris;1990;9
978-3-3314-81;Building stop.;Marilyn Hernandez;Smith PLC;2014;8
978-3-3320-40;Measure exactly mouth finally student.;Morgan Davis;Gregory, Brewer and Wilkins;2013;8
978-3-3329-7;Still major voice.;Roberto Lewis;White and Sons;1994;3
978-3-3335-0;Debate side include each.;Joseph Newman;Kane Ltd;1990;6
978-3-3342-82;Nothing data left.;Jessica Jackson;Soto and Sons;2019;3
978-3-3348-28;Believe real authority argue control.;William Chen;Marquez, Smith and Garcia;1996;2
978-3-3358-51;Why factor key time never.;William Lane;Weaver-Warner;2019;5
978-3-3368-75;Sometimes customer everybody drive.;Jeffrey Hopkins;Walker LLC;2004;9
978-3-3377-70;Century child partner.;Ms. Sharon Galvan;Cooper PLC;2008;2
978-3-3386-18;Lay see company.;Cynthia Stone;Macdonald Ltd;2015;7
978-3-3396-69;Tax bring both rate stay.;Samuel Williamson;Davis, Arias and Gordon;1995;2
978-3-3401-83;Significant daughter minute point.;Adam Mata;Myers, West and Thompson;2010;1
978-3-3407-93;Compare our strong rest company.;Kimberly Tran;Smith and Sons;2016;9
978-3-3412-34;Thought so under.;Rodney Barron;Warner-Gonzalez;2019;3
978-3-3421-30;Behavior pressure attack.;Mrs. Katherine Johnson;Hernandez, Haney and Taylor;2002;6
978-3-3431-93;Add staff require.;Kevin Obrien;Yang, Craig and Bush;2001;3
978-3-3441-26;Difficult family.;Elizabeth Lamb;Jackson, Brown and Fowler;2022;5
978-3-3449-70;Campaign personal three.;Tammie Mason;Williams-Wright;1994;9
978-3-3457-86;Office in radio.;Anthony Gilmore;Hansen and Sons;2013;1
978-3-3463-97;Large stock PM season.;Jennifer Haas;Powers and Sons;2015;1
978-3-3472-70;Feel look.;Heidi Calderon;Smith-Sanchez;2010;10
978-3-3478-84;Rather tonight throughout consider industry.;Lisa Brooks;Keller PLC;1990;2
978-3-3485-88;Say feel option water.;James Haney;Smith-Stevens;1997;8
978-3-3494-25;Stay two somebody mission.;Nicole Goodwin;Johnson-Velez;2009;8
978-3-3500-13;Offer son.;Joshua Simpson;Smith-Shaw;2010;9
978-3-3507-39;Role last leg.;Russell Ruiz;Kennedy PLC;1998;5
978-3-3515-88;Low couple million thank.;Randy Collier;Hall, Carter and Duncan;2015;6
978-3-3524-73;Everybody speech computer.;Patricia Randolph;Maldonado PLC;2011;10
978-3-3529-41;Black maybe station.;Ashley Cardenas;Fleming and Sons;2020;8
978-3-3539-14;End company information someone.;Joshua Kelley;Smith, Bell and Hodge;2017;10
978-3-3544-59;Director serious hotel perform.;Jason Lam MD;Hardin and Sons;2008;5
978-3-3551-98;Owner live range.;Wendy Vance;Pineda Ltd;2022;2
978-3-3559-47;Often she summer power I.;Jason Mclean;Zuniga, Pierce and Collier;1999;1
978-3-3569-46;Control seven floor.;Francisco Smith;Guzman, Sanchez and Robinson;2015;8
978-3-3579-71;Environment leader garden.;Travis Hicks;Wyatt LLC;2007;9
978-3-3589-98;Choose center decision trial focus.;Patricia Smith;Gross, Mcmillan and Rogers;1994;2
978-3-3599-79;Half song huge act.;Robert Campbell;Stevenson-Bauer;2004;6
978-3-3607-46;World national last memory.;Kathryn Hill;Mayer, Alexander and Levine;2017;7
978-3-3612-58;Choice member agent.;Deborah Manning;Banks Ltd;1996;1
978-3-3619-60;Step test until.;Amanda Dunn;Smith-Aguilar;2022;6
978-3-3627-3;Seek box camera.;Sheena Phillips;Johnston-Esparza;1992;4
978-3-3633-28;Loss off.;Ashley Riley;Wilson-Lewis;1995;10
978-3-3643-62;Environment blood single.;Molly Hudson;Sandoval and Sons;2010;6
978-3-3650-82;Grow difficult.;Tonya Holder;Butler, Simmons and Rangel;1999;6
978-3-3658-55;Size six purpose.;William Bartlett;Ali-Juarez;2007;6
978-3-3665-81;Feeling right plant.;Vickie Lopez;Young Group;1996;2
978-3-3675-33;Never campaign firm.;Molly Martinez;Gallagher, Campbell and Smith;2005;8
978-3-3680-48;Stage including trip establish.;Ian Wheeler;Adams, Hess and Hampton;2013;9
978-3-3685-33;Lay nation.;David Morse;Wood-Ramsey;1995;2
978-3-3695-56;Test next room toward.;Brent Jones;Ray LLC;2004;4
978-3-3700-96;True focus they term.;Jacob Torres;Shepard Group;2020;9
